General Information;;;;;;Priority and Status;;Tester;;Additional Information;;Development System;;;Test System via. Transport + Refresh;;;;Test System via. Transport;S4;;ERP;;
;;;;;;;;;;;;Sender;Receiver;;Sender;;Receiver;;Sender;Receiver (Maxi);;Receiver (Maxi);;
Test Case;Goal;Object;Task;Language;Step;Priority;Status ;Previous Tester;Current Tester;Issue No.;Comment; ID1 100; ID1 400 (LSA);ID1 400 (DT);IH1 100;IH1CLNT100;IH1 400 (LSA);IH1 400 (DT);IH2 100;IR1 200 (LSA);IR1 200 (DT);IR2 200 (LSA);IR2 200 (DT);Spalte1
01.0 RDG;;******************************************;n.A.;;n.A.;*********;;;;;;;;;;;;;;;;;;
01.1;2603;Material Group;Change;;3-Step;Medium;open;Ulla;;;Exxon/Intel;;;;;;;;;;;;;
01.10;2603;Material Group Text;Delete;;n.A.;Medium;open;Thomas;;;Exxon/Intel;;;;;;;;;;;;;
01.2;2603;Material Group;Create;;3-Step;Medium;open;Ulla;;;Exxon/Intel;;;;;;;;;;;;;
01.4;2603;Material Group ;Data Export / Import;;General;Medium;open;Patrick;;;Exxon/Intel;;;;;;;;;;;;;
01.5;2603;Material Group ;File Download / Upload;;General;Medium;open;Patrick;;;Exxon/Intel;;;;;;;;;;;;;
01.6;2603;Material Group ;Local Customizing;;General;Medium;open;Sabine;;;Exxon/Intel;;;;;;;;;;;;;
01.7;2603;Material Group  ;Language Test;DE/EN;General;Low;open;Ulla;;;Exxon/Intel;;;;;;;;;;;;;
01.8;2603;Material Group  ;Language Test;FR;General;Low;open;Ulla;;;Exxon/Intel;;;;;;;;;;;;;
01.9;2603;Material Group  ;Language Test;ES;General;Low;open;Ulla;;;Exxon/Intel;;;;;;;;;;;;;
02.1;2603;Unit of Measure;Change;;1-Step;Medium;open;Maxi;;;Exxon/Intel;;;;;;;;;;;;;
02.2;2603;Unit of Measure;Create;;1-Step;Medium;open;Maxi;;;Exxon/Intel;;;;;;;;;;;;;
02.3;2603;Unit of Measure ;File Download / Upload;;General;Medium;open;Patrick;;;Exxon/Intel;;;;;;;;;;;;;
02.4;2603;Unit of Measure ;Data Export / Import;;General;Medium;open;Patrick;;;Exxon/Intel;;;;;;;;;;;;;
02.5;2603;Unit of Measure  ;Language Test;DE/EN;General;Low;open;Ulla;;;Exxon/Intel;;;;;;;;;;;;;
02.6;2603;Unit of Measure  ;Language Test;FR/ES;General;Low;open;Ulla;;;Exxon/Intel;;;;;;;;;;;;;
02.7;2603;Unit of Measure  ;Language Test;ES;General;Low;open;Ulla;;;Exxon/Intel;;;;;;;;;;;;;
03.1;2603;Country;Change;;3-Step;Medium;error;Maxi;;see Open Topics;Intel;;;;;;;;;;;;;
03.2;2603;Country;Create;;3-Step;Medium;error;Maxi;;see Open Topics;Intel;;;;;;;;;;;;;
03.3;2603;Country ;File Download / Upload;;General;Medium;open;Patrick;;;Intel;;;;;;;;;;;;;
03.4;2603;Country ;Data Export / Import;;General;Medium;open;Patrick;;;Intel;;;;;;;;;;;;;
03.5;2603;Country  ;Language Test;DE/EN/FR/ES;General;Low;open;Maxi;;;Intel;;;;;;;;;;;;;
03.6;2603;Country  ;Language Test;FR/ES;General;Low;open;Ulla;;;Intel;;;;;;;;;;;;;
03.7;2603;Country ;Language Test;ES;General;Low;open;Ulla;;;Intel;;;;;;;;;;;;;
04.1;2603;Region;Change;;2-Step;Medium;open;Maxi;;;Exxon/Intel;;;;;;;;;;;;;
04.2;2603;Region;Create;;2-Step;Medium;open;Maxi;;;Exxon/Intel;;;;;;;;;;;;;
04.3;2603;Region ;File Download / Upload;;General;Medium;open;Patrick;;;Exxon/Intel;;;;;;;;;;;;;
04.4;2603;Region ;Data Export / Import;;General;Medium;open;Patrick;;;Exxon/Intel;;;;;;;;;;;;;
04.5;2603;Region  ;Language Test;DE/EN;General;Low;open;Maxi;;;Exxon/Intel;;;;;;;;;;;;;
04.6;2603;Region  ;Language Test;FR/ES;General;Low;open;Ulla;;;Exxon/Intel;;;;;;;;;;;;;
04.7;2603;Region ;Language Test;ES;General;Low;open;Ulla;;;Exxon/Intel;;;;;;;;;;;;;
05.1;2603;Purchasing Group;Change;;2-Step;Medium;open;Sabine;;;Intel;;;;;;;;;;;;;
05.2;2603;Purchasing Group;Create;;2-Step;Medium;open;Sabine;;;Intel;;;;;;;;;;;;;
05.3;2603;Purchasing Group ;File Download / Upload;;General;Medium;open;Patrick;;;Intel;;;;;;;;;;;;;
05.4;2603;Purchasing Group ;Data Export / Import;;General;Medium;open;Patrick;;;Intel;;;;;;;;;;;;;
05.5;2603;Purchasing Group  ;Language Test;DE/EN;General;Low;open;Ulla;;;Intel;;;;;;;;;;;;;
05.6;2603;Purchasing Group  ;Language Test;FR/ES;General;Low;open;Ulla;;;Intel;;;;;;;;;;;;;
05.7;2603;Purchasing Group ;Language Test;ES;General;Low;open;Ulla;;;Intel;;;;;;;;;;;;;
06.1;2603;Purchasing Organization;Change;;1-Step;Medium;open;Maxi;;;"Intel;   No blocker: in case of DT in ID1, replicated entry lands in StagEnt. aswell";done  ;done  ;slight error;;;;;;;;;;
06.2;2603;Purchasing Organization;Create;;1-Step;Medium;open;Maxi;;;"Intel;  ^^^^";done  ;done  ;slight error;;;;;;;;;;
06.3;2603;Purchasing Organization ;File Download / Upload;;General;Medium;open;Patrick;;;Intel;;;;;;;;;;;;;
06.4;2603;Purchasing Organization ;Data Export / Import;;General;Medium;open;Patrick;;;Intel;;;;;;;;;;;;;
06.5;2603;Purchasing Organization  ;Language Test;DE/EN;General;Low;open;Ulla;;;Intel;;;;;;;;;;;;;
06.6;2603;Purchasing Organization  ;Language Test;FR/ES;General;Low;open;Ulla;;;Intel;;;;;;;;;;;;;
06.7;2603;Purchasing Organization ;Language Test;ES;General;Low;open;Ulla;;;Intel;;;;;;;;;;;;;
07.1;2603;Account Group G/L;Change;;2-Step;Medium;error;Sabine;;see Open Topics;Intel;;;;done  ;error;open;open;retest;retest;retest;retest;retest;
07.2;2603;Account Group G/L;Create;;2-Step;Medium;error;Sabine;;see Open Topics;Intel;;;;done  ;error;open;open;retest;retest;retest;retest;retest;
07.3;2603;Account Group G/L ;File Download / Upload;;General;Medium;open;Patrick;;;Intel;;;;;;;;;;;;;
07.4;2603;Account Group G/L ;Data Export / Import;;General;Medium;open;Patrick;;;Intel;;;;;;;;;;;;;
07.5;2603;Account Group G/L - Scheduled LSA Subscriber;Change;;2-Step;Medium;open;Gerd;;;Intel;;;;;;;;;;;;;
07.6;2603;Account Group GL  ;Language Test;DE/EN;General;Low;open;Ulla;;;Intel;;;;;;;;;;;;;
07.7;2603;Account Group GL  ;Language Test;FR/ES;General;Low;open;Ulla;;;Intel;;;;;;;;;;;;;
07.7;;Account Group ;Language Test;ES;General;Low;open;Ulla;;;Intel;;;;;;;;;;;;;
08.1;2603;Account Group Vendor;Change;;3-Step;Medium;in progress;Maxi;;;Intel;done  ;done  ;done  ;;;;;;;;;;
08.2;2603;Account Group Vendor;Create;;3-Step;Medium;in progress;Maxi;;;"Intel;  Texts not recieved in ID1 Rec. Using DT upon Initial Create";done  ;done  ;slight error;;;;;;;;;;
08.3;2603;Account Group Vendor ;File Download / Upload;;General;Medium;open;Patrick;;;Intel;;;;;;;;;;;;;
08.4;2603;Account Group Vendor ;Data Export / Import;;General;Medium;open;Patrick;;;Intel;;;;;;;;;;;;;
08.5;2603;Account Group Vendor  ;Language Test;DE/EN;General;Low;open;Ulla;;;Intel;;;;;;;;;;;;;
08.6;2603;Account Group Vendor  ;Language Test;FR/ES;General;Low;open;Ulla;;;Intel;;;;;;;;;;;;;
08.7;2603;Account Group Vendor;Language Test;ES;General;Low;open;Ulla;;;Intel;;;;;;;;;;;;;
09.1;2603;Account Group Customer;Change;;2-Step;Medium;error;Sabine;;see Open Topics;Intel;done  ;done  ;done  ;done  ;error;open;open;retest;retest;retest;retest;retest;
09.2;2603;Account Group Customer;Create;;2-Step;Medium;error;Sabine;;see Open Topics;Intel;done  ;done  ;done  ;done  ;error;open;open;retest;retest;retest;retest;retest;
09.3;2603;Account Group Customer ;File Download / Upload;;General;Medium;open;Patrick;;;Intel;;;;;;;;;;;;;
09.4;2603;Account Group Customer ;Data Export / Import;;General;Medium;open;Patrick;;;Intel;;;;;;;;;;;;;
09.5;2603;Account Group Customer  ;Language Test;DE/EN;General;Low;open;Ulla;;;Intel;;;;;;;;;;;;;
09.6;2603;Account Group Customer  ;Language Test;FR/ES;General;Low;open;Ulla;;;Intel;;;;;;;;;;;;;
09.7;2603;Account Group Customer  ;Language Test;ES;General;Low;open;Ulla;;;Intel;;;;;;;;;;;;;
10.1;2603;Product Hierarchy;Change;;3-Step;Very High;development;Gerd;;;Exxon/Intel;;;;;;;;;;;;;
10.10;2603;Product Hierarchy;Delete Node;;General;Very High;development;Gerd;;;Exxon/Intel;;;;;;;;;;;;;
10.11;2603;Product Hierarchy;Move Node;;General;Very High;development;Gerd;;1113;Exxon/Intel;;;;;;;;;;;;;
10.12;2603;Product Hierarchy;Move Node with Subtree;;General;Very High;development;Gerd;;;Exxon/Intel;;;;;;;;;;;;;
10.13.;2603;Product Hierarchy;ForeignKey Consistency;;General;Very High;development;Gerd;;;Exxon/Intel;;;;;;;;;;;;;
10.2;2603;Product Hierarchy;Create;;3-Step;Very High;development;Gerd;;;Exxon/Intel;;;;;;;;;;;;;
10.3;2603;Product Hierarchy ;File Download / Upload;;General;Very High;development;Patrick;;;Exxon/Intel;;;;;;;;;;;;;
10.4;2603;Product Hierarchy  ;Language Test;DE/EN;General;High;development;Ulla;;;Exxon/Intel;;;;;;;;;;;;;
10.5;2603;Product Hierarchy  ;Language Test;FR;General;High;development;Herve;;;Exxon/Intel;;;;;;;;;;;;;
10.6;2603;Product Hierarchy ;Language Test;ES;General;Medium;development;Herve;;;Exxon/Intel;;;;;;;;;;;;;
10.7;2603;Product Hierarchy;Remove Subnode;;General;Very High;development;Gerd;;;Exxon/Intel;;;;;;;;;;;;;
10.8;2603;Product Hierarchy;Remove Node;;General;Very High;development;Gerd;;1126;Exxon/Intel;;;;;;;;;;;;;
10.9;2603;Product Hierarchy ;Delete Subnode;;General;Very High;development;Gerd;;;Exxon/Intel;;;;;;;;;;;;;
11.1;2603;Company Code;Change;;2-Step;Medium;open;Maxi;;;Exxon/Intel;;;;;;;;;;;;;
11.2;2603;Company Code;Create;;2-Step;Medium;open;Maxi;;;Exxon/Intel;;;;;;;;;;;;;
11.3;2603;Company Code ;File Download / Upload;;General;Medium;open;Patrick;;;Exxon/Intel;;;;;;;;;;;;;
11.4;2603;Company Code ;Data Export / Import;;General;Medium;open;Patrick;;;Exxon/Intel;;;;;;;;;;;;;
11.5;2603;Company Code  ;Language Test;DE/EN;General;Low;open;Maxi;;;Exxon/Intel;;;;;;;;;;;;;
11.6;2603;Company Code  ;Language Test;EN/DE;General;Low;open;Ulla;;;Exxon/Intel;;;;;;;;;;;;;
11.7;2603;Company Code ;Language Test;ES;General;Low;open;Ulla;;;Exxon/Intel;;;;;;;;;;;;;
11.8;2603;Company Code;Posting Period assignment;;General;Very High;open;Sabine;;;Exxon/Intel;;;;;;;;;;;;;
12.1;2603;Plant;Change;;3-Step;High;error;Gerd;;see Open Topics;Exxon/Intel;error;open;open;done  ;error;error;retest;retest;retest;retest;retest;retest;
12.2;2603;Plant;Create;;3-Step;High;error;Gerd;;see Open Topics;Exxon/Intel;error;open;open;done  ;error;error;retest;retest;retest;retest;retest;retest;
12.3;2603;Plant ;File Download / Upload;;General;Medium;open;Patrick;;;Exxon/Intel;;;;;;;;;;;;;
12.4;2603;Plant ;Data Export / Import;;General;Medium;open;Patrick;;;Exxon/Intel;;;;;;;;;;;;;
12.6;2603;Plant  ;Language Test;DE/EN;General;Low;open;Ulla;;;Exxon/Intel;;;;;;;;;;;;;
12.7;2603;Plant  ;Language Test;FR/ES;General;Low;open;Ulla;;;Exxon/Intel;;;;;;;;;;;;;
12.8;2603;Plant ;Language Test;ES;General;Low;open;Ulla;;;Exxon/Intel;;;;;;;;;;;;;
13.1;2603;Payment Term Version 1;Change;;1-Step;Medium;open;Ulla;;;Exxon/Intel;;;;;;;;;;;;;
13.2;2603;Payment Term Version 1;Create;;1-Step;Medium;open;Ulla;;;Exxon/Intel;;;;;;;;;;;;;
13.3;2603;Payment Term Version 1;File Download / Upload;;General;Medium;open;Patrick;;;Exxon/Intel;;;;;;;;;;;;;
13.4;2603;Payment Term Version 1;Data Export / Import;;General;Medium;open;Patrick;;;Exxon/Intel;;;;;;;;;;;;;
13.5;2603;Payment Term Version 1;Language Test;DE/EN;General;Low;open;Ulla;;;Exxon/Intel;;;;;;;;;;;;;
13.6;2603;Payment Term Version 1;Language Test;FR/ES;General;Low;open;Ulla;;;Exxon/Intel;;;;;;;;;;;;;
13.7;2603;Payment Term Version 1;Language Test;ES;General;Low;open;Ulla;;;Exxon/Intel;;;;;;;;;;;;;
13.8;2603;Payment Term Version 1;Create;;General;Medium;open;Gerd;;;Exxon/Intel;;;;;;;;;;;;;
14.1;2603;Currency Code;Change;;3-Step;High;in progress;Maxi;;;Intel;done  ;done  ;done  ;;;;;;;;;;
14.2;2603;Currency Code;Create;;3-Step;High;in progress;Maxi;;;Intel;done  ;done  ;done  ;;;;;;;;;;
14.3;2603;Currency Code ;File Download / Upload;;General;High;open;Patrick;;;Intel;;;;;;;;;;;;;
14.4;2603;Currency Code ;Data Export / Import;;General;Very High;open;Patrick;;;Intel;;;;;;;;;;;;;
14.5;2603;Currency Code  ;Language Test;DE/EN;General;Medium;open;Maxi;;;Intel;;;;;;;;;;;;;
14.6;2603;Currency Code  ;Language Test;FR/ES;General;Medium;open;Ulla;;;Intel;;;;;;;;;;;;;
14.7;2603;Currency Code ;Language Test;ES;General;Medium;open;Michael;;;Intel;;;;;;;;;;;;;
15.1;2603;Sales Organization;Change;;2-Step;Very High;development;Sabine;;see Open Topics;"Exxon/Intel;  Address";done  ;done  ;error;error;error;error;retest;retest;retest;retest;retest;retest;
15.2;2603;Sales Organization;Create;;2-Step;Very High;development;Sabine;;see Open Topics;"Exxon/Intel;  Address";done  ;done  ;error;error;error;error;retest;retest;retest;retest;retest;retest;
15.3;2603;Sales Organization ;File Download / Upload;;General;Very High;development;Patrick;;;"Exxon/Intel;  Address";;;;;;;;;;;;;
15.4;2603;Sales Organization ;Data Export / Import;;General;Very High;development;Patrick;;;"Exxon/Intel;  Address";;;;;;;;;;;;;
15.5;2603;Sales Organization  ;Language Test;DE/EN;General;High;development;Ulla;;;"Exxon/Intel;  Address";;;;;;;;;;;;;
15.6;2603;Sales Organization  ;Language Test;FR;General;High;development;Ulla;;;"Exxon/Intel;  Address";;;;;;;;;;;;;
15.7;2603;Sales Organisation ;Language Test;ES;General;High;development;Ulla;;;"Exxon/Intel;  Address";;;;;;;;;;;;;
16.1;2603;Material Type;Change;;2-Step;High;error;Ulla;;see Open Topics;Exxon/Intel;;;;done  ;error;error;retest;retest;retest;retest;retest;retest;
16.2;2603;Material Type;Create;;2-Step;High;error;Ulla;;see Open Topics;Exxon/Intel;;;;done  ;error;error;retest;retest;retest;retest;retest;retest;
16.3;2603;Material Type ;File Download / Upload;;General;Medium;open;Patrick;;;Exxon/Intel;;;;;;;;;;;;;
16.4;2603;Material Type ;Data Export / Import;;General;Medium;open;Patrick;;;Exxon/Intel;;;;;;;;;;;;;
16.5;2603;Material Type  ;Language Test;DE/EN;General;Low;open;Maxi;;;Exxon/Intel;;;;;;;;;;;;;
16.6;2603;Material Type  ;Language Test;FR/ES;General;Low;open;Ulla;;;Exxon/Intel;;;;;;;;;;;;;
16.7;2603;Material Type ;Language Test;ES;General;Low;open;Ulla;;;Exxon/Intel;;;;;;;;;;;;;
17.1;2603;Storage Location;Change;;2-Step;Medium;open;Ulla;;;Exxon/Intel;;;;;;;;;;;;;
17.2;2603;Storage Location;Create;;2-Step;Medium;open;Ulla;;;Exxon/Intel;;;;;;;;;;;;;
17.3;2603;Storage Location ;File Download / Upload;;General;Medium;open;Patrick;;;Exxon/Intel;;;;;;;;;;;;;
17.4;2603;Storage Location ;Data Export / Import;;General;Medium;open;Patrick;;;Exxon/Intel;;;;;;;;;;;;;
17.5;2603;Storage Location  ;Language Test;DE/EN;General;Low;open;Ulla;;;Exxon/Intel;;;;;;;;;;;;;
17.6;2603;Storage Location  ;Language Test;FR/ES;General;Low;open;Ulla;;;Exxon/Intel;;;;;;;;;;;;;
17.7;2603;Storage Location ;Language Test;ES;General;Low;open;Ulla;;;Exxon/Intel;;;;;;;;;;;;;
18.1;2603;Division;Change;;1-Step;High;in progress;Maxi;;;Intel;done  ;done  ;done  ;;;;;;;;;;
18.2;2603;Division;Create;;1-Step;High;in progress;Maxi;;;Intel;done  ;done  ;done  ;;;;;;;;;;
18.3;2603;Division ;File Download / Upload;;1-Step;High;open;Patrick;;;Intel;;;;;;;;;;;;;
18.4;2603;Division;Data Export / Import;;General;High;open;Patrick;;;Intel;;;;;;;;;;;;;
18.5;2603;Division  ;Language Test;DE/EN;General;Low;open;Ulla;;;Intel;;;;;;;;;;;;;
18.6;2603;Division  ;Language Test;FR/ES;General;Low;open;Ulla;;;Intel;;;;;;;;;;;;;
18.7;2603;Division ;Language Test;ES;General;Low;open;Ulla;;;Intel;;;;;;;;;;;;;
19.1;2603;Factory Calendar;Change;;2-Step;High;in progress;Maxi;;;Intel;done  ;done  ;done  ;;;;;;;;;;
19.2;2603;Factory Calendar;Create;;2-Step;High;in progress;Maxi;;;Intel knows about false-positive issue. Error known. To be documented;done  ;slight error;open;;;;;;;;;;
19.3;2603;Factory Calendar ;File Download / Upload;;General;High;open;Patrick;;;Intel;;;;;;;;;;;;;
19.4;2603;Factory Calendar ;Data Export / Import;;General;High;open;Patrick;;;Intel;;;;;;;;;;;;;
19.5;2603;Factory Calendar  ;Language Test;DE/EN;General;High;open;Ulla;;;Intel;;;;;;;;;;;;;
19.6;2603;Factory Calendar  ;Language Test;FR/ES;General;High;open;Ulla;;;Intel;;;;;;;;;;;;;
19.7;2603;Factory Calendar ;Language Test;ES;General;Medium;open;Michael;;;Intel;;;;;;;;;;;;;
20.1;2603;Distribution Channel;Change;;2-Step;Medium;open;Sabine;;;Exxon/Intel;;;;;;;;;;;;;
20.2;2603;Distribution Channel;Create;;2-Step;Medium;open;Sabine;;;Exxon/Intel;;;;;;;;;;;;;
20.3;2603;Distribution Channel ;File Download / Upload;;General;Medium;open;Patrick;;;Exxon/Intel;;;;;;;;;;;;;
20.4 ;2603;Distribution Channel ;Data Export / Import;;General;Medium;open;Patrick;;;Exxon/Intel;;;;;;;;;;;;;
20.5;2603;Distribution Channel  ;Language Test;DE/EN;General;Low;open;Ulla;;;Exxon/Intel;;;;;;;;;;;;;
20.6;2603;Distribution Channel  ;Language Test;FR/ES;General;Low;open;Ulla;;;Exxon/Intel;;;;;;;;;;;;;
20.7;2603;Distribution Channel ;Language Test;ES;General;Low;open;Ulla;;;Exxon/Intel;;;;;;;;;;;;;
21.1;2603;Controlling Area;Change;;n.A.;Medium;open;Maxi;;;Exxon/Intel;;;;;;;;;;;;;
21.2;2603;Controlling Area;Create;;n.A.;Medium;open;Maxi;;;Exxon/Intel;;;;;;;;;;;;;
21.3;2603;Controlling Area ;File Download / Upload;;General;Medium;open;Patrick;;;Exxon/Intel;;;;;;;;;;;;;
21.4;2603;Controlling Area ;Data Export / Import;;General;Medium;open;Patrick;;;Exxon/Intel;;;;;;;;;;;;;
21.5;2603;Controlling Area  ;Language Test;DE/EN;General;Low;open;Ulla;;;Exxon/Intel;;;;;;;;;;;;;
21.6;2603;Controlling Area  ;Language Test;FR/ES;General;Low;open;Ulla;;;Exxon/Intel;;;;;;;;;;;;;
21.7;2603;Controlling Area ;Language Test;ES;General;Low;open;Ulla;;;Exxon/Intel;;;;;;;;;;;;;
22.1;2603;Material Status;Change;;1-Step;High;error;Maxi;;see Open Topics;Exxon/Intel;error;open;open;error;open;open;open;error;open;open;open;open;
22.2;2603;Material Status;Create;;1-Step;High;error;Maxi;;see Open Topics;Exxon/Intel;;;;;;;;;;;;;
22.3;2603;Material Status ;File Download / Upload;;General;Medium;open;Patrick;;;Exxon/Intel;;;;;;;;;;;;;
22.4;2603;Material Status ;Data Export / Import;;General;Medium;open;Patrick;;;Exxon/Intel;;;;;;;;;;;;;
22.5;2603;Material Status  ;Language Test;DE/EN;General;Low;open;Maxi;;;Exxon/Intel;;;;;;;;;;;;;
22.6;2603;Material Status  ;Language Test;FR/ES;General;Low;open;Ulla;;;Exxon/Intel;;;;;;;;;;;;;
22.7;2603;Material Status ;Language Test;ES;General;Low;open;Ulla;;;Exxon/Intel;;;;;;;;;;;;;
23.1;;Personnel Area;Change;;3-Step;Low;error;Maxi;;see Open Topics;;;;;;;;;;;;;;
23.2;;Personnel Area;Create;;3-Step;Low;error;Maxi;;see Open Topics;;;;;;;;;;;;;;
23.3;;Personnel Area;File Download / Upload;;General;Low;;Patrick;;;;;;;;;;;;;;;;
23.4;;Personnel Area;Data Export / Import;;General;Low;;Patrick;;;;;;;;;;;;;;;;
23.5;;Personnel Area;Language Test;DE/EN;General;Low;;Maxi;;;;;;;;;;;;;;;;
23.6;;Personnel Area;Language Test;FR/ES;General;Low;;Ulla;;;;;;;;;;;;;;;;
23.7;;Personnel Area;Language Test;ES;General;Medium;;Michael;;;;;;;;;;;;;;;;
24.1;;Business Area;Change;;2-Step;High;;Maxi;;;;;;;;;;;;;;;;
24.2;;Business Area;Create;;2-Step;High;;Maxi;;;;;;;;;;;;;;;;
24.3;;Business Area ;File Download / Upload;;General;Low;;Patrick;;;;;;;;;;;;;;;;
24.4;;Business Area ;Data Export / Import;;General;Low;;Patrick;;;;;;;;;;;;;;;;
24.5;;Business Area  ;Language Test;DE/EN;General;Low;;Maxi;;;;;;;;;;;;;;;;
24.6;;Business Area  ;Language Test;FR/ES;General;Low;;Ulla;;;;;;;;;;;;;;;;
24.7;;Business Area ;Language Test;ES;General;Medium;;Michael;;;;;;;;;;;;;;;;
25.1;2603;Functional Area;Change;;1-Step;Medium;error;Ulla;;see Open Topics;Exxon/Intel;;;;;;;;;;;;;
25.2;2603;Functional Area;Create;;1-Step;Medium;error;Ulla;;see Open Topics;Exxon/Intel;;;;;;;;;;;;;
25.3;2603;Functional Area ;File Download / Upload;;General;Medium;open;Patrick;;;Exxon/Intel;;;;;;;;;;;;;
25.4;2603;Functional Area ;Data Export / Import;;General;Medium;open;Patrick;;;Exxon/Intel;;;;;;;;;;;;;
25.5;2603;Functional Area  ;Language Test;DE/EN;General;Low;open;Maxi;;;Exxon/Intel;;;;;;;;;;;;;
25.6;2603;Functional Area  ;Language Test;FR/ES;General;Low;open;Ulla;;;Exxon/Intel;;;;;;;;;;;;;
25.7;2603;Functional Area ;Language Test;ES;General;Low;open;Ulla;;;Exxon/Intel;;;;;;;;;;;;;
26.1;2603;Incoterm;Change;;2-Step;High;in progress;Maxi;;;Intel;open;open;;;;;;;;;;;
26.2;2603;Incoterm;Create;;2-Step;High;open;Maxi;;;Intel;;;;;;;;;;;;;
26.3;2603;Incoterm ;File Download / Upload;;General;High;open;Patrick;;;Intel;;;;;;;;;;;;;
26.4;2603;Incoterm ;Data Export / Import;;General;High;open;Patrick;;;Intel;;;;;;;;;;;;;
26.5;2603;Incoterm  ;Language Test;DE/EN;General;Low;open;Maxi;;;Intel;;;;;;;;;;;;;
26.6;2603;Incoterm  ;Language Test;FR/ES;General;Low;open;Ulla;;;Intel;;;;;;;;;;;;;
26.7;2603;Incoterm ;Language Test;ES;General;Low;open;Ulla;;;Intel;;;;;;;;;;;;;
27.1;2603;Sales Group;Change;;2-Step;Medium;open;Maxi;;;Intel;;;;;;;;;;;;;
27.2;2603;Sales Group;Create;;2-Step;Medium;open;Maxi;;;Intel;;;;;;;;;;;;;
27.3;2603;Sales Group ;File Download / Upload;;General;Medium;open;Patrick;;;Intel;;;;;;;;;;;;;
27.4;2603;Sales Group ;Data Export / Import;;General;Medium;open;Patrick;;;Intel;;;;;;;;;;;;;
27.5;2603;Sales Group  ;Language Test;DE/EN;General;Low;open;Maxi;;;Intel;;;;;;;;;;;;;
27.6;2603;Sales Group  ;Language Test;FR/ES;General;Low;open;Ulla;;;Intel;;;;;;;;;;;;;
27.7;2603;Sales Group ;Language Test;ES;General;Low;open;Ulla;;;Intel;;;;;;;;;;;;;
28.1;;Shipping Type;Change;;2-Step;High;;Maxi;;;;;;;;;;;;;;;;
28.2;;Shipping Type;Create;;2-Step;High;;Maxi;;;;;;;;;;;;;;;;
28.3;;Shipping Type ;File Download / Upload;;General;High;;Patrick;;;;;;;;;;;;;;;;
28.4;;Shipping Type ;Data Export / Import;;General;High;;Patrick;;;;;;;;;;;;;;;;
28.5;;Shipping Type  ;Language Test;DE/EN;General;Low;;Ulla;;;;;;;;;;;;;;;;
28.6;;Shipping Type  ;Language Test;FR/ES;General;Low;;Ulla;;;;;;;;;;;;;;;;
28.7;;Shipping Type ;Language Test;ES;General;Low;;Ulla;;;;;;;;;;;;;;;;
29.1;2603;Shipping Conditions;Change;;1-Step;High;open;Maxi;;;Intel;;;;;;;;;;;;;
29.2;2603;Shipping Conditions;Create;;1-Step;High;open;Maxi;;;Intel;;;;;;;;;;;;;
29.3;2603;Shipping Conditions ;File Download / Upload;;General;High;open;Patrick;;;Intel;;;;;;;;;;;;;
29.4;2603;Shipping Conditions ;Data Export / Import;;General;High;open;Patrick;;;Intel;;;;;;;;;;;;;
29.5;2603;Shipping Conditions  ;Language Test;DE/EN;General;Low;open;Ulla;;;Intel;;;;;;;;;;;;;
29.6;2603;Shipping Conditions  ;Language Test;FR/ES;General;Low;open;Ulla;;;Intel;;;;;;;;;;;;;
29.7;2603;Shipping Conditions ;Language Test;ES;General;Low;open;Ulla;;;Intel;;;;;;;;;;;;;
30.1;2603;Laboratory/office;Change;;3-Step;Medium;open;Maxi;;;Intel;;;;;;;;;;;;;
30.2;2603;Laboratory/office;Create;;3-Step;Medium;open;Maxi;;;Intel;;;;;;;;;;;;;
30.3;2603;Laboratory/office;File Download / Upload;;General;Medium;open;Patrick;;;Intel;;;;;;;;;;;;;
30.4;2603;Laboratory/office;Data Export / Import;;General;Medium;open;Patrick;;;Intel;;;;;;;;;;;;;
30.5;2603;Laboratory/office;Language Test;DE/EN;General;Low;open;Maxi;;;Intel;;;;;;;;;;;;;
30.6;2603;Laboratory/office;Language Test;FR/ES;General;Low;open;Ulla;;;Intel;;;;;;;;;;;;;
30.7;2603;Laboratory/office;Language Test;ES;General;Low;open;Ulla;;;Intel;;;;;;;;;;;;;
31.1;;BOM Usage;Change;;3-Step;Low;;Ulla;;;;;;;;;;;;;;;;
31.2;;BOM Usage;Create;;3-Step;Low;;Ulla;;;;;;;;;;;;;;;;
31.3;;BOM Usage ;File Download / Upload;;General;Low;;Patrick;;;;;;;;;;;;;;;;
31.4;;BOM Usage ;Data Export / Import;;General;Low;;Patrick;;;;;;;;;;;;;;;;
31.5;;BOM Usage  ;Language Test;DE/EN;General;Low;;Ulla;;;;;;;;;;;;;;;;
31.6;;BOM Usage  ;Language Test;FR/ES;General;Low;;Ulla;;;;;;;;;;;;;;;;
31.7;;BOM Usage ;Language Test;ES;General;Medium;;Michael;;;;;;;;;;;;;;;;
32.1;2603;Document Type;Create;;2-Step;Medium;open;Maxi;;;Exxon/Intel;;;;;;;;;;;;;
32.2;2603;Document Type;Change;;2-Step;Medium;open;Maxi;;;Exxon/Intel;;;;;;;;;;;;;
32.3;2603;Document Type ;File Download / Upload;;General;Medium;error;Patrick;;1092;Exxon/Intel;;;;error;;;;;;;;;
32.4;2603;Document Type ;Data Export / Import;;General;Medium;open;Patrick;;;Exxon/Intel;;;;;;;;;;;;;
32.5;2603;Document Type  ;Language Test;DE/EN;General;Low;open;Ulla;;;Exxon/Intel;;;;;;;;;;;;;
32.6;2603;Document Type  ;Language Test;FR/ES;General;Low;open;Ulla;;;Exxon/Intel;;;;;;;;;;;;;
32.7;2603;Document Type ;Language Test;ES;General;Low;open;Ulla;;;Exxon/Intel;;;;;;;;;;;;;
33.1;2603;Chart of Account;Create;;1-Step;High;open;Maxi;;;Exxon/Intel;;;;;;;;;;;;;
33.2;2603;Chart of Account;Change;;1-Step;High;open;Maxi;;;Exxon/Intel;;;;;;;;;;;;;
33.3;2603;Chart of Account ;File Download / Upload;;General;High;open;Patrick;;;Exxon/Intel;;;;;;;;;;;;;
33.4;2603;Chart of Account ;Data Export / Import;;General;High;open;Patrick;;;Exxon/Intel;;;;;;;;;;;;;
33.5;2603;Chart of Account  ;Language Test;DE/EN;General;Low;open;Ulla;;;Exxon/Intel;;;;;;;;;;;;;
33.6;2603;Chart of Account  ;Language Test;FR;General;Low;open;Ulla;;;Exxon/Intel;;;;;;;;;;;;;
33.7;2603;Chart of Account ;Language Test;ES;General;Low;open;Ulla;;;Exxon/Intel;;;;;;;;;;;;;
34.1;2603;Operating Concern;Create;;3-Step;Low;open;Maxi;;;Intel;;;;;;;;;;;;;
34.2;2603;Operating Concern;Change;;3-Step;Low;open;Maxi;;;Intel;;;;;;;;;;;;;
34.3.;2603;Operating Concern ;File Download / Upload;;General;Low;open;Patrick;;;Intel;;;;;;;;;;;;;
34.4.;2603;Operating Concern ;Data Export / Import;;General;Low;open;Patrick;;;Intel;;;;;;;;;;;;;
34.5;2603;Operating Concern  ;Language Test;DE/EN;General;Low;open;Maxi;;;Intel;;;;;;;;;;;;;
34.6;2603;Operating Concern  ;Language Test;FR/ES;General;Low;open;Ulla;;;Intel;;;;;;;;;;;;;
34.7;2603;Operating Concern ;Language Test;ES;General;Medium;open;Michael;;;Intel;;;;;;;;;;;;;
35.1.;2603;Language;Create;;3-Step;Low;open;Maxi;;;Intel;;;;;;;;;;;;;
35.2;2603;Language;Change;;3-Step;Low;open;Maxi;;;Intel;;;;;;;;;;;;;
35.3;2603;Language ;File Download / Upload;;General;High;open;Patrick;;;Intel;;;;;;;;;;;;;
35.4;2603;Language ;Data Export / Import;;General;Very High;open;Patrick;;;Intel;;;;;;;;;;;;;
35.5;2603;Language;Language Test;DE/EN;General;Low;open;Ulla;;;Intel;;;;;;;;;;;;;
35.6;2603;Language;Language Test;FR;General;Low;open;Ulla;;;Intel;;;;;;;;;;;;;
35.7;;;Language Test;ES;General;Medium;open;Michael;;;Intel;;;;;;;;;;;;;
36.1;2603;Location (Asset?) ;Change;;2-Step;Medium;open;Maxi;;;Intel;;;;;;;;;;;;;
36.2;2603;Location (Asset?);Create;;2-Step;Medium;open;Maxi;;;Intel;;;;;;;;;;;;;
36.3;2603;Location (Asset?);File Download / Upload;;General;Medium;open;Patrick;;;Intel;;;;;;;;;;;;;
36.4;2603;Location (Asset?);Data Export / Import;;General;Medium;open;Patrick;;;Intel;;;;;;;;;;;;;
36.5;2603;Location (Asset?);Language Test;DE/EN;n.A.;Medium;open;Maxi;;;Intel;;;;;;;;;;;;;
36.6;2603;Location (Asset?);Language Test;FR/ES;General;Medium;open;Ulla;;;Intel;;;;;;;;;;;;;
36.7;;;Language Test;ES;General;Medium;open;Michael;;;Intel;;;;;;;;;;;;;
37.1;;Exchange Rate ;Create;;2-Step;Very High;;Gerd;;;;;;;;;;;;;;;;
37.2;;Exchange Rate ;Change;;2-Step;Very High;;Thomas;;;;;;;;;;;;;;;;
37.2;;Exchange Rate ;Change;;General;Very High;;Thomas;;;;;;;;;;;;;;;;
37.3;;Exchange Rate ;Initial Load;;General;Very High;;Thomas;;;;;;;;;;;;;;;;
37.4;;Data Feed;n.A.;;General;Very High;;Thomas;;;;;;;;;;;;;;;;
37.5;;Exchange Rate  ;Language Test;DE/EN;General;Medium;;Ulla;;;;;;;;;;;;;;;;
37.6;;Exchange Rate  ;Language Test;FR/ES;General;Medium;;Ulla;;;;;;;;;;;;;;;;
37.7;;Exchange Rate ;Language Test;ES;General;Medium;;Michael;;;;;;;;;;;;;;;;
38.1;2603;Characteristics;Change;;General;Very High;error;Sabine;;1068;Intel;;;;error;done  ;done  ;;;;;;;
38.2;2603;Characteristics;Create;;General;Very High;error;Sabine;;1068;Intel;;;;error;done  ;done  ;;;;;;;
38.3;2603;Characteristics;Copy;;General;Very High;error;Sabine;;1068;Intel;;;;error;done  ;done  ;;;;;;;
38.4;2603;Characteristics ;File Download / Upload;;General;High;open;Patrick;;;Intel;;;;;;;;;;;;;
38.5;2603;Characteristics ;Load IDoc;;General;Low;open;Michael;;;Intel;;;;;;;;;;;;;
38.6;2603;Characteristics  ;Language Test;DE/EN;General;High;open;Ulla;;;Intel;;;;;;;;;;;;;
38.7;2603;Characteristics  ;Language Test;FR/ES;General;Medium;open;Ulla;;;Intel;;;;;;;;;;;;;
38.8;2603;Characteristics ;Language Test;ES;General;Medium;open;Michael;;;Intel;;;;;;;;;;;;;
39.1;2603;Classes;Change;;General;Very High;error;Sabine;;1069, 1066;Intel;;;;error;done  ;done  ;;;;;;;
39.2;2603;Classes;Create;;General;Very High;error;Sabine;;1069, 1066;Intel;;;;error;done  ;done  ;;;;;;;
39.3;2603;Classes;Copy;;General;Very High;open;Sabine;;;Intel;;;;;;;;;;;;;
39.4;2603;Classes;File Download / Upload;;General;High;open;Patrick;;1070;Intel;;;;in progress;;;;;;;;;
39.5;2603;Classes;Load IDoc;;General;Low;open;Michael;;;Intel;;;;;;;;;;;;;
39.6;2603;Classes;Language Test;DE/EN;General;High;open;Maxi;;;Intel;;;;;;;;;;;;;
39.7;2603;Classes;Language Test;FR/ES;General;Medium;open;Ulla;;;Intel;;;;;;;;;;;;;
39.8;2603;Classes ;Language Test;ES;General;Medium;open;Michael;;;Intel;;;;;;;;;;;;;
40.1;2603;MRP Type;Change;;2-Step;High;open;Maxi;;;Intel;;;;;;;;;;;;;
40.2;2603;MRP Type;Create;;2-Step;High;open;Maxi;;;Intel;;;;;;;;;;;;;
40.3;2603;MRP Type ;File Download / Upload;;General;High;open;Patrick;;;Intel;;;;;;;;;;;;;
40.4;2603;MRP Type ;Data Export / Import;;General;High;open;Patrick;;;Intel;;;;;;;;;;;;;
40.5;2603;MRP Type;Language Test;DE/EN;General;Low;open;Maxi;;;Intel;;;;;;;;;;;;;
40.6;2603;MRP Type;Language Test;FR/ES;General;Low;open;Ulla;;;Intel;;;;;;;;;;;;;
40.7;2603;MRP Type ;Language Test;ES;General;Low;open;Ulla;;;Intel;;;;;;;;;;;;;
41.1;2603;MRP Profile;Change;;3-Step;Low;error;Ulla;;see Open Topics;Intel;;;;error;open;open;open;open;open;open;open;open;
41.2;2603;MRP Profile;Create;;3-Step;Low;error;Ulla;;see Open Topics;Intel;;;;error;open;open;open;open;open;open;open;open;
41.3;2603;MRP Profile ;File Download / Upload;;General;Low;error;Patrick;;822;Intel;;;;error;;;;;;;;;
41.4;2603;MRP Profile ;Data Export / Import;;General;Low;open;Patrick;;;Intel;;;;;;;;;;;;;
41.5;2603;MRP Profile;Language Test;DE/EN;General;High;open;Ulla;;;Intel;;;;;;;;;;;;;
41.6;2603;MRP Profile;Language Test;FR;General;Low;open;Ulla;;;Intel;;;;;;;;;;;;;
41.7;2603;MRP Profile ;Language Test;ES;General;Low;open;Ulla;;;Intel;;;;;;;;;;;;;
42.1;2603;MRP Area;Change;;General;High;open;Maxi;;;Intel;;;;;;;;;;;;;
42.2;2603;MRP Area;Create;;General;High;open;Maxi;;;Intel;;;;;;;;;;;;;
42.3;2603;MRP Area ;File Download / Upload;;General;High;error;Patrick;;1055, 1056;Intel;;;;error;;;;;;;;;
42.4;2603;MRP Area ;Data Export / Import;;General;High;open;Patrick;;;Intel;;;;;;;;;;;;;
42.5;2603;MRP Area;Language Test;DE/EN;General;Low;open;Ulla;;;Intel;;;;;;;;;;;;;
42.5;2603;MRP Area;Language Test;FR/ES;General;Low;open;Ulla;;;Intel;;;;;;;;;;;;;
42.7;2603;MRP Area ;Language Test;ES;General;Low;open;Ulla;;;Intel;;;;;;;;;;;;;
43.1;2603;Tax Code;Change;;General;High;open;Sabine;;;Intel;;;;;;;;;;;;;
43.2;2603;Tax Code;Create;;General;High;open;Sabine;;;Intel;;;;;;;;;;;;;
43.3;2603;Tax Code;File Download / Upload;;General;High;open;Patrick;;;Intel;;;;;;;;;;;;;
43.4;2603;Tax Code ;Data Export / Import;;General;High;open;Patrick;;;Intel;;;;;;;;;;;;;
43.5;2603;Tax Code  ;Language Test;DE/EN;General;Medium;open;Maxi;;;Intel;;;;;;;;;;;;;
43.6;2603;Tax Code  ;Language Test;FR/ES;General;Medium;open;Ulla;;;Intel;;;;;;;;;;;;;
43.7;2603;Tax Code ;Language Test;ES;General;Medium;open;Michael;;;Intel;;;;;;;;;;;;;
44.1;2603;Valuation Class;Change;;2-Step;Medium;open;Maxi;;;Exxon/Intel;;;;;;;;;;;;;
44.2;2603;Valuation Class;Create;;2-Step;Medium;open;Maxi;;;Exxon/Intel;;;;;;;;;;;;;
44.3;2603;Valuation Class ;File Download / Upload;;General;Medium;open;Patrick;;;Exxon/Intel;;;;;;;;;;;;;
44.4;2603;Valuation Class ;Data Export / Import;;General;Medium;open;Patrick;;;Exxon/Intel;;;;;;;;;;;;;
44.5;2603;Valuation Class  ;Language Test;DE/EN;General;Low;open;Ulla;;;Exxon/Intel;;;;;;;;;;;;;
44.6;2603;Valuation Class  ;Language Test;FR/ES;General;Low;open;Ulla;;;Exxon/Intel;;;;;;;;;;;;;
44.7;2603;Valuation Class ;Language Test;ES;General;Low;open;Ulla;;;Exxon/Intel;;;;;;;;;;;;;
45.1;2603;Sales Office;Change;;General;Medium;open;Ulla;;;;;;;;;;;;;;;;
45.2;2603;Sales Office;Create;;General;Medium;open;Maxi;;;;;;;;;;;;;;;;
45.3;2603;Sales Office ;File Download / Upload;;General;Medium;error;Patrick;;1051;;;;;error;;;;;;;;;
45.4;2603;Sales Office ;Data Export / Import;;General;Medium;open;Patrick;;;;;;;;;;;;;;;;
45.5;2603;Sales Office  ;Language Test;DE/EN;General;Low;;Ulla;;;;;;;;;;;;;;;;
45.6;2603;Sales Office  ;Language Test;FR/ES;General;Low;;Ulla;;;;;;;;;;;;;;;;
45.7;2603;Sales Office ;Language Test;ES;General;Low;;Ulla;;;;;;;;;;;;;;;;
46.1;;Scope of Planning;Change;;General;High;;Maxi;;;;;;;;;;;;;;;;
46.2;;Scope of Planning;Create;;General;High;;Maxi;;;;;;;;;;;;;;;;
46.3;;Scope of Planning ;File Download / Upload;;General;High;;Patrick;;;;;;;;;;;;;;;;
46.4;;Scope of Planning ;Data Export / Import;;General;High;;Patrick;;;;;;;;;;;;;;;;
46.5;;Scope of Planning  ;Language Test;DE/EN;General;Low;;Ulla;;;;;;;;;;;;;;;;
46.6;;Scope of Planning  ;Language Test;FR/ES;General;Low;;Ulla;;;;;;;;;;;;;;;;
46.7;2603;Scope of Planning for MRP Unit ;Language Test;ES;General;Low;;Ulla;;;;;;;;;;;;;;;;
47.1;2603;MRP Controller;Change;;General;High;open;Maxi;;;Intel;;;;;;;;;;;;;
47.2;2603;MRP Controller;Create;;General;High;open;Maxi;;;Intel;;;;;;;;;;;;;
47.3;2603;MRP Controller;File Download / Upload;;2-Step;High;error;Patrick;;1052;Intel;;;;error;;;;;;;;;
47.4;2603;MRP Controller ;Data Export / Import;;General;High;open;Patrick;;;Intel;;;;;;;;;;;;;
47.5;2603;MRP Controller  ;Language Test;DE/EN;General;Low;open;Ulla;;;Intel;;;;;;;;;;;;;
47.6;2603;MRP Controller  ;Language Test;FR/ES;General;Low;open;Ulla;;;Intel;;;;;;;;;;;;;
47.7;2603;MRP Controller ;Language Test;ES;General;Low;open;Ulla;;;Intel;;;;;;;;;;;;;
48.1;;Holiday Calendar;Change;;n.A.;Medium;;Maxi;;;;;;;;;;;;;;;;
48.2;;Holiday Calendar;Create;;n.A.;Medium;;Maxi;;;;;;;;;;;;;;;;
48.3;;Holiday Calendar;File Download / Upload;;n.A.;Medium;;Patrick;;;;;;;;;;;;;;;;
48.4;;Holiday Calendar ;Data Export / Import;;n.A.;Medium;;Patrick;;;;;;;;;;;;;;;;
48.5;;Holiday Calendar  ;Language Test;DE/EN/FR/ES;n.A.;Medium;;Maxi;;;;;;;;;;;;;;;;
49.1;;Public Holiday;Change;;n.A.;Medium;;Maxi;;;;;;;;;;;;;;;;
49.2;;Public Holiday;Create;;n.A.;Medium;;Maxi;;;;;;;;;;;;;;;;
49.3;;Public Holiday;File Download / Upload;;n.A.;Medium;;Patrick;;;;;;;;;;;;;;;;
49.4;;Public Holiday ;Data Export / Import;;n.A.;Medium;;Patrick;;;;;;;;;;;;;;;;
49.5;;Public Holiday  ;Language Test;DE/EN/FR/ES;n.A.;Medium;;Maxi;;;;;;;;;;;;;;;;
50.1;2603;Work Breakdown Structure;Change;;;Very High;open;Sabine;;;;;;;;;;;;;;;;
50.2;2603;Work Breakdown Structure;Create;;;Very High;open;Sabine;;;;;;;;;;;;;;;;
50.3;2603;Work Breakdown Structure;File Download / Upload;;;Very High;open;Patrick;;;;;;;;;;;;;;;;
50.4;2603;Work Breakdown Structure;Data Export / Import;;;Very High;open;Patrick;;;;;;;;;;;;;;;;
50.5;2603;Work Breakdown Structure;Language Test;DE/EN/FR/ES;;High;open;Ulla;;;;;;;;;;;;;;;;
50.1;2603;Posting Period Variant;Change;;;Medium;open;Sabine;;;;;;;;;;;;;;;;
50.2;2603;Posting Period Variant;Create;;;Medium;open;Sabine;;;;;;;;;;;;;;;;
50.3;2603;Posting Period Variant;File Download / Upload;;;Medium;open;Patrick;;;;;;;;;;;;;;;;
50.4;2603;Posting Period Variant;Data Export / Import;;;Medium;open;Patrick;;;;;;;;;;;;;;;;
50.5;2603;Posting Period Variant;Language Test;DE/EN/;;Medium;open;Ulla;;;;;;;;;;;;;;;;
51.1;2603;Company;Change;;;Medium;open;Sabine;;;Exxon;;;;;;;;;;;;;
51.2;2603;Company;Create;;;Medium;open;Sabine;;;Exxon;;;;;;;;;;;;;
51.3;2603;Company;File Download / Upload;;;Medium;open;Patrick;;;Exxon;;;;;;;;;;;;;
51.4;2603;Company;Data Export / Import;;;Medium;open;Patrick;;;Exxon;;;;;;;;;;;;;
51.5;2603;Company;Language Test;DE/EN/;;Medium;open;Ulla;;;Exxon;;;;;;;;;;;;;
52.0;2603;Shipping Point;Create;;;Medium;error;Ulla;;see Open Topics;Intel;;;;;;;;;;;;;
52.1;2603;Shipping Point;Change, Check, Replace, Delete;;;Medium;error;Ulla;;see Open Topics;Intel;;;;;;;;;;;;;
52.2;2603;Shipping Point;Language Test;DE/EN;;Medium;;Ulla;;;;;;;;;;;;;;;;
52.3;2603;Shipping Point;Language Test;FR/ES;;Medium;;Herve;;;;;;;;;;;;;;;;
52.4;2603;Shipping Point;File Download / Upload;;;Medium;;Patrick;;;;;;;;;;;;;;;;
52.5;2603;Shipping Point;Data Export / Import;;;Medium;;Patrick;;;;;;;;;;;;;;;;
53.1;2603;Terms of Payment (complete);Change;;1-Step;Very High;development;Gerd;;;"Exxon/Intel; ab 01.02. im IH1 zu testen.";;;;;;;;;;;;;
53.2;2603;Terms of Payment (complete);Create;;1-Step;Very High;development;Gerd;;;"Exxon/Intel; ab 01.02. im IH1 zu testen.";;;;;;;;;;;;;
53.3;2603;Terms of Payment (complete);File Download / Upload;;General;Very High;development;Patrick;;;Exxon/Intel;;;;;;;;;;;;;
53.4;2603;Terms of Payment (complete);Data Export / Import;;General;Very High;development;Patrick;;;Exxon/Intel;;;;;;;;;;;;;
53.5;2603;Terms of Payment (complete);Language Test;DE/EN;General;High;development;Ulla;;;Exxon/Intel;;;;;;;;;;;;;
53.6;2603;Terms of Payment (complete);Language Test;FR/ES;General;High;development;Ulla;;;Exxon/Intel;;;;;;;;;;;;;
53.7;2603;Terms of Payment (complete);Language Test;ES;General;High;development;Ulla;;;Exxon/Intel;;;;;;;;;;;;;
59.1;2603;Code Value Lists  (Edition);create;;1-Step;Very High;development;Sabine;;;;;;;;;;;;;;;;
59.2;2603;Code Value Lists  (Edition);Change;;1-Step;Very High;development;Sabine;;;;;;;;;;;;;;;;
59.3;2603;Code Value Lists (Edition);File Download / Upload;;;Very High;development;Patrick;;;;;;;;;;;;;;;;
59.4;2603;Code Value Lists  (Edition);Data Export / Import;;;Very High;development;Patrick;;;;;;;;;;;;;;;;
59.5;2603;Code Value Lists  (Edition);Language Test;DE/EN;;Very High;development;Ulla;;;;;;;;;;;;;;;;
59.6;2603;Code Value Lists  (Edition);Language Test;FR/ES;;Very High;development;Ulla;;;;;;;;;;;;;;;;
60.1;2603;Code Value Lists ;create;;1-Step;Very High;open;Sabine;;;ab 28.01. im IH1 zu testen - noch nicht im Launchpad vorhanden;;;;;;;;;;;;;
60.2;2603;Code Value Lists ;Change;;1-Step;Very High;open;Sabine;;;ab 28.01. im IH1 zu testen - noch nicht im Launchpad vorhanden;;;;;;;;;;;;;
60.3;2603;Code Value Lists;File Download / Upload;;;Very High;open;Niklas;;;;;;;;;;;;;;;;
60.4;2603;Code Value Lists;Data Export / Import;;;Very High;open;Niklas;;;;;;;;;;;;;;;;
60.5;2603;Code Value Lists;Language Test;DE/EN;;Very High;development;Ulla;;;;;;;;;;;;;;;;
60.6;2603;Code Value Lists ;Language Test;FR/ES;;Very High;development;Ulla;;;;;;;;;;;;;;;;
100.0 RDG Multiobject;;*******************************************;n.A.;;n.A.;*********;;;;;;;;;;;;;;;;;;
101.1;2603;Posting Period Variant & Company & Company Code (MultiObj.CR);Change;;;Very High;open;Ulla;;;;;;;;;;;;;;;;
101.2;2603;Posting Period Variant & Company & Company Code (MultiObj.CR);Create;;;Very High;open;Ulla;;;;;;;;;;;;;;;;
102.1;2603;Payment Term & Day Limit (MultiObj.CR);Change;;;High;open;Ulla;;;Exxon/Intel;;;;;;;;;;;;;
102.2;2603;Payment Term & Day Limit (MultiObj.CR);Create;;;High;open;Ulla;;;Exxon/Intel;;;;;;;;;;;;;
103.1;2603;Plant & MRP Area & Storage Location (MultiObj.CR);Change;;;High;error;Ulla;;1101;"Exxon/Intel;";;;;error;;;;;;;;;
103.2;2603;Plant & MRP Area & Storage Location (MultiObj.CR);Create;;;High;error;Ulla;;1101;Exxon/Intel;;;;error;;;;;;;;;
750.0 MDF;;*******************************************;n.A.;;n.A.;*********;;;;;;;;;;;;;;;;;;
750.1 RULE;;Configuration ;n.A.;;General;Medium;;Ulla;;;;;;;;;;;;;;;;
751.1 MDF;;ValueMapping;n.A.;;General;Medium;;Maxi;;;;;;;;;;;;;;;;
752.1 MDF;;KeyMapping;n.A.;;General;Medium;;Maxi;;;;;;;;;;;;;;;;
753.1 MDF;;Webservice;n.A.;;General;Low;;Michael;;;;;;;;;;;;;;;;
754.1 MDF;2603;Deletions;n.A.;;General;High;open;Patrick;;;;;;;;;;;;;;;;
755.1 MDF;2603;Searchhelps;n.A.;;General;Very High;open;Gerd;;;;;;;;;;;;;;;;
756.1 MDF;2603;Remote Validierung;n.A.;;General;Very High;development;Gerd;;;;;;;;;;;;;;;;
800.0 RDH;;*******************************************;n.A.;;n.A.;*********;;;;;;;;;;;;;;;;;;
801 RDH;2603;Reference Data Harmonization;"Distribution reference data balance sheet structure
 (Mode=Bundle, Changes in Batchjob)";;General;Medium;open;Gerd;;;;;;;;;;;;;;;;
802 RDH;;Reference Data Harmonization;"Distribution reference data balance sheet structure
(Mode=Bundle, Changes)";;General;Medium;;;;;;;;;;;;;;;;;;
803 RDH;;Reference Data Harmonization;Distribution reference Accounts (Mode=Snapshot);;General;Medium;;;;;;;;;;;;;;;;;;
804 RDH;;Reference Data Harmonization;Distribution balance sheet structure (Mode=Bundle);;General;Medium;;;;;;;;;;;;;;;;;;
805 RDH;;Reference Data Harmonization;Distribution balance sheet structure (Mode=Single);;General;Medium;;;;;;;;;;;;;;;;;;
806 RDH;;Reference Data Harmonization;Distribution Company_ID (Mode=Bundle);;General;Medium;;;;;;;;;;;;;;;;;;
807 RDH;;Reference Data Harmonization;Distribution Company_Id (Mode=Bundle with Field reduction);;General;Medium;;;;;;;;;;;;;;;;;;
808 RDH;;Reference Data Harmonization;Distribution Company (Mode=Single);;General;Medium;;;;;;;;;;;;;;;;;;
809 RDH;;Reference Data Harmonization;Distribution Currency (Mode=SnapShot);;General;Medium;;;;;;;;;;;;;;;;;;
810 RDH;;Reference Data Harmonization;Customizing Replication;;General;Medium;;;;;;;;;;;;;;;;;;
811 RDH;;Reference Data Harmonization;Select Transport;;General;High;;Gerd;;;;;;;;;;;;;;;;
812 RDH;;Reference Data Harmonization;Foreign data transfer with Excel import ;;General;High;;Gerd;;;;;;;;;;;;;;;;
850.0 Install & Upgrade;;*******************************************;n.A.;;n.A.;*********;;;;;;;;;;;;;;;;;;
851.1 INST;2603;Install ;n.A.;;General;Very High;development;Dieter;;;;;;;;;;;;;;;;
852.1 OLD Release Check;2603;Check Replication to older ;n.A.;;General;Very High;development;Maxi;;;;;;;;;;;;;;;;
853.1 UPGR;2603;Upgrade;n.A.;;General;Very High;development;Dieter;;;;;;;;;;;;;;;;
900.0 Special Tests;;*******************************************;n.A.;;n.A.;*********;;;;;;;;;;;;;;;;;;
901.1 DRF;;Data Replication;n.A.;;General;Medium;;Maxi;;;;;;;;;;;;;;;;
902.1 ENH;2603;Enhancements and Upgrade;n.A.;;General;Very High;development;Mike;;;;;;;;;;;;;;;;
903.1 FR/ES;;Translation to FR/ES  ;Language Test;MDF, RDH, DRF;General;Medium;;Ulla;;;;;;;;;;;;;;;;
904.1 SOLMAN;;SolManager Tests;n.A.;;General;Low;;Michael;;;;;;;;;;;;;;;;
905.1 GTS;;GTS Tests;n.A.;;1-Step;Medium;;Michael;;;;;;;;;;;;;;;;
;;;;;;;;;;;;;;;;;;;;;;;;
;;;;;;;;;;;;;;;;;;;;;;;;
12.9;2603;Plant;Changeable Keys ;;;High;done  ;Sabine;;;See Issue 625;;;;;;;;;;;;;
;;;;;;;;;;;;;;;;;;;;;;;;
;;;;;;;;;;;;;;;;;;;;;;;;
;;;;;;;;;;;;;;;;;;;;;;;;
;;;;;;;;;;;;;;;;;;;;;;;;
;;;;;;;;;;;;;;;;;;;;;;;;
;;;;;;;;;;;;;;;;;;;;;;;;
;;;;;;;;;;;;;;;;;;;;;;;;
;;;;;;;;;;;;;;;;;;;;;;;;
;;;;;;;;;;;;;;;;;;;;;;;;
;;;;;;;;;;;;;;;;;;;;;;;;
;;;;;;;;;;;;;;;;;;;;;;;;
;;;;;;;;;;;;;;;;;;;;;;;;
;;;;;;;;;;;;;;;;;;;;;;;;
;;;;;;;;;;;;;;;;;;;;;;;;
;;;;;;;;;;;;;;;;;;;;;;;;
;;;;;;;;;;;;;;;;;;;;;;;;
;;;;;;;;;;;;;;;;;;;;;;;;
;;;;;;;;;;;;;;;;;;;;;;;;
;;;;;;;;;;;;;;;;;;;;;;;;
